Job_Title,Location,Salary_Estimate,Skills_Required,Work_Mode
Python Developer,"Olathe, KS",89067,"Finance, Java",Remote
Financial Analyst,"Kansas City, MO",91277,"R, Python",On-site
Software Engineer,"Olathe, KS",102583,"PowerBI, Finance",Remote
Software Engineer,"Olathe, KS",88273,"SQL, Excel",Remote
Financial Analyst,"Kansas City, MO",62180,"Python, Finance, Java, SQL",Hybrid
Data Analyst,"Overland Park, KS",79937,"Tableau, R, Java",Hybrid
Business Analyst,"Overland Park, KS",67688,"AWS, SQL",On-site
Software Engineer,"Kansas City, KS",113759,"SQL, Excel, Tableau",Hybrid
Financial Analyst,"Kansas City, MO",90844,"Python, PowerBI, Finance",On-site
Python Developer,"Kansas City, MO",77388,"Agile, Java, SQL, AWS",Hybrid
Financial Analyst,"Overland Park, KS",72492,"Tableau, AWS",On-site
Financial Analyst,"Kansas City, MO",67275,"Python, Tableau, PowerBI",Hybrid
Data Analyst,"Overland Park, KS",79823,"Python, AWS, Agile",Hybrid
Python Developer,"Olathe, KS",83147,"AWS, Finance, Agile",On-site
Financial Analyst,"Overland Park, KS",69941,"Tableau, PowerBI",Hybrid
Data Scientist,"Olathe, KS",86854,"Agile, Excel",Remote
Data Scientist,"Topeka, KS",105398,"SQL, Agile, AWS",Hybrid
Python Developer,"Kansas City, KS",67246,"Agile, AWS, PowerBI",Remote
Software Engineer,"Topeka, KS",91379,"Excel, Agile",On-site
Python Developer,"Kansas City, MO",69958,"AWS, Tableau",Hybrid
Software Engineer,"Kansas City, KS",133422,"AWS, Agile",On-site
Python Developer,"Olathe, KS",88692,"Java, Python, Agile, PowerBI",On-site
Data Analyst,"Olathe, KS",65066,"R, Tableau, Agile, Excel",Remote
Data Scientist,"Olathe, KS",96928,"Agile, R",Hybrid
Python Developer,"Overland Park, KS",92131,"Agile, Finance, Python",Remote
Data Scientist,"Kansas City, MO",115197,"Python, R, AWS, Java",Remote
Software Engineer,"Overland Park, KS",90176,"Java, PowerBI, Tableau",On-site
Software Engineer,"Kansas City, MO",114585,"Python, R",Remote
Financial Analyst,"Olathe, KS",90294,"AWS, SQL, Java, Tableau",Hybrid
Financial Analyst,"Kansas City, MO",86396,"Tableau, Java, Agile",Remote
Business Analyst,"Topeka, KS",69201,"AWS, PowerBI, Finance, R",On-site
Data Analyst,"Olathe, KS",88621,"Excel, AWS, Python, Java",Remote
Financial Analyst,"Topeka, KS",69689,"Excel, R, SQL",Hybrid
Business Analyst,"Olathe, KS",62281,"Java, Agile, Finance",Hybrid
Data Scientist,"Kansas City, MO",93768,"PowerBI, SQL, Finance",Hybrid
Software Engineer,"Overland Park, KS",96657,"R, Python, Excel, Java",Hybrid
Data Scientist,"Kansas City, MO",113899,"SQL, PowerBI, Java",Remote
Data Analyst,"Topeka, KS",61337,"Finance, Tableau",On-site
Python Developer,"Topeka, KS",75914,"Finance, Python, R, Tableau",Remote
Financial Analyst,"Olathe, KS",65005,"SQL, R, Excel, Finance",Hybrid
Data Scientist,"Olathe, KS",94202,"SQL, AWS, Agile",Hybrid
Data Scientist,"Kansas City, KS",102816,"Java, SQL",On-site
Python Developer,"Overland Park, KS",69706,"PowerBI, Python, Tableau, Java",Hybrid
Financial Analyst,"Topeka, KS",82670,"Python, PowerBI, AWS, Agile",Remote
Data Scientist,"Overland Park, KS",107173,"Java, PowerBI, AWS, SQL",Hybrid
Software Engineer,"Topeka, KS",110577,"Python, R",On-site
Business Analyst,"Overland Park, KS",85402,"Tableau, Java",Hybrid
Financial Analyst,"Olathe, KS",82466,"Tableau, SQL, Java",Remote
Python Developer,"Olathe, KS",91392,"Excel, SQL, R",Remote
Python Developer,"Kansas City, KS",77804,"R, PowerBI, Tableau",Remote
Data Analyst,"Overland Park, KS",83810,"PowerBI, Excel, Tableau, SQL",Remote
Software Engineer,"Olathe, KS",97454,"Agile, AWS",Hybrid
Data Scientist,"Kansas City, KS",104370,"Finance, Excel, Java",Hybrid
Financial Analyst,"Topeka, KS",92375,"PowerBI, Java, Tableau, Agile",Remote
Data Scientist,"Topeka, KS",131278,"Python, AWS, Java, Tableau",Hybrid
Business Analyst,"Olathe, KS",77062,"Tableau, SQL, R, PowerBI",Hybrid
Software Engineer,"Overland Park, KS",102129,"R, Excel",Hybrid
Python Developer,"Kansas City, KS",75698,"R, Finance",Remote
Python Developer,"Kansas City, KS",68062,"PowerBI, Finance",Hybrid
Business Analyst,"Topeka, KS",64328,"R, AWS, SQL",Remote
Python Developer,"Overland Park, KS",64728,"Agile, Python",On-site
Data Scientist,"Kansas City, KS",127352,"Excel, Java, Agile",Hybrid
Software Engineer,"Kansas City, MO",126504,"Java, Python, Excel, R",On-site
Software Engineer,"Overland Park, KS",90014,"R, Java",On-site
Business Analyst,"Olathe, KS",94979,"Finance, AWS, Java, Python",Hybrid
Business Analyst,"Olathe, KS",67737,"Excel, SQL",Hybrid
Data Analyst,"Topeka, KS",82573,"Agile, Tableau, Finance",Hybrid
Data Analyst,"Olathe, KS",79370,"PowerBI, Finance, SQL, Tableau",Hybrid
Python Developer,"Olathe, KS",83406,"Excel, R, Agile",Hybrid
Data Scientist,"Kansas City, KS",114847,"Excel, Python, Agile, AWS",On-site
Data Analyst,"Overland Park, KS",84822,"AWS, Finance, Agile, Java",Hybrid
Python Developer,"Overland Park, KS",88383,"Python, SQL, Agile",Hybrid
Data Scientist,"Kansas City, KS",101617,"Java, Excel",Remote
Software Engineer,"Topeka, KS",111889,"Finance, Java",On-site
Financial Analyst,"Topeka, KS",79025,"PowerBI, Agile, AWS, R",On-site
Business Analyst,"Overland Park, KS",87388,"Agile, Java, PowerBI",Hybrid
Financial Analyst,"Olathe, KS",72583,"AWS, Agile, Python",Hybrid
Software Engineer,"Kansas City, MO",134138,"Agile, Tableau, AWS",Hybrid
Software Engineer,"Topeka, KS",93404,"Agile, Java, AWS, SQL",On-site
Data Analyst,"Kansas City, MO",94109,"AWS, Python, Finance",Hybrid
Financial Analyst,"Topeka, KS",90803,"Python, R, Agile, Tableau",On-site
Data Scientist,"Kansas City, MO",132813,"Java, R, SQL, Tableau",Remote
Business Analyst,"Overland Park, KS",93017,"SQL, Agile",Remote
Data Scientist,"Overland Park, KS",91296,"AWS, Finance, Agile, Java",Hybrid
Financial Analyst,"Kansas City, KS",67236,"Python, SQL, Finance",Remote
Data Scientist,"Kansas City, MO",93416,"Agile, Java, Finance, Excel",Remote
Python Developer,"Overland Park, KS",75970,"Tableau, Java",Hybrid
Financial Analyst,"Topeka, KS",90116,"PowerBI, Excel, Agile, Java",Remote
Data Scientist,"Kansas City, MO",107359,"SQL, R, Python, Excel",On-site
Financial Analyst,"Topeka, KS",85605,"PowerBI, Agile, Finance, Java",Hybrid
Data Scientist,"Kansas City, MO",102279,"Tableau, PowerBI",Remote
Data Analyst,"Olathe, KS",83510,"Excel, Finance, Agile, AWS",On-site
Data Analyst,"Kansas City, KS",83692,"Finance, R",Hybrid
Data Analyst,"Topeka, KS",88741,"Tableau, Python, AWS, Java",Hybrid
Python Developer,"Kansas City, MO",86760,"Excel, R, Agile",Remote
Data Scientist,"Overland Park, KS",87359,"Excel, Java, Tableau, Python",Remote
Data Analyst,"Topeka, KS",81066,"Python, Excel",On-site
Data Scientist,"Kansas City, KS",90090,"Excel, Finance, Python",On-site
Software Engineer,"Overland Park, KS",107622,"AWS, Finance",Remote
Financial Analyst,"Olathe, KS",80034,"Finance, Java, Agile, SQL",Hybrid
Business Analyst,"Kansas City, KS",71339,"Finance, Agile",Remote
Software Engineer,"Kansas City, KS",105023,"Python, PowerBI, Excel, R",Remote
Data Analyst,"Overland Park, KS",88712,"Finance, Python, SQL, Agile",Hybrid
Data Analyst,"Overland Park, KS",70477,"Agile, AWS, R",On-site
Data Scientist,"Topeka, KS",122414,"R, Python",Remote
Business Analyst,"Overland Park, KS",75829,"AWS, Excel, Tableau, Finance",Hybrid
Data Scientist,"Overland Park, KS",90323,"Finance, Agile, Excel, AWS",Hybrid
Business Analyst,"Overland Park, KS",85682,"AWS, Agile",Remote
Data Scientist,"Olathe, KS",118221,"R, SQL, Finance, Python",Remote
Business Analyst,"Topeka, KS",81770,"Finance, Tableau, Excel",Hybrid
Financial Analyst,"Topeka, KS",82968,"SQL, R, Python, Finance",Remote
Data Scientist,"Olathe, KS",130850,"Finance, Agile",On-site
Data Scientist,"Topeka, KS",101379,"Python, R, AWS",Hybrid
Data Scientist,"Kansas City, MO",127954,"Tableau, AWS, Agile, SQL",On-site
Financial Analyst,"Olathe, KS",91644,"Java, Excel, Python, Finance",Hybrid
Data Scientist,"Topeka, KS",132819,"Excel, Finance, SQL",Remote
Financial Analyst,"Kansas City, KS",80738,"Tableau, Excel",On-site
Data Scientist,"Kansas City, MO",97682,"Java, Tableau",Hybrid
Financial Analyst,"Olathe, KS",61914,"Python, Finance, Tableau",Hybrid
Data Scientist,"Topeka, KS",126739,"Excel, Python, SQL, Java",Remote
Business Analyst,"Overland Park, KS",69004,"Python, AWS, Agile",Remote
Data Scientist,"Kansas City, KS",115534,"Finance, Excel, PowerBI",On-site
Financial Analyst,"Overland Park, KS",88960,"Excel, Tableau",Remote
Data Scientist,"Topeka, KS",91146,"Agile, Finance, Tableau",Hybrid
Software Engineer,"Topeka, KS",134813,"Tableau, Java",Hybrid
Software Engineer,"Topeka, KS",116704,"PowerBI, Python, Excel",Remote
Data Analyst,"Kansas City, MO",64420,"R, AWS, Agile, Finance",Remote
Python Developer,"Kansas City, MO",64651,"Tableau, R",Remote
Business Analyst,"Olathe, KS",76368,"Tableau, AWS",Remote
Financial Analyst,"Olathe, KS",85899,"Finance, Python",On-site
Python Developer,"Kansas City, KS",77563,"Python, AWS",On-site
Financial Analyst,"Kansas City, KS",84141,"Python, Finance, Excel, Tableau",On-site
Business Analyst,"Kansas City, KS",88303,"Agile, Finance",Hybrid
Software Engineer,"Topeka, KS",102871,"AWS, R, Finance",Hybrid
Financial Analyst,"Topeka, KS",64586,"Tableau, PowerBI, Python",On-site
Data Scientist,"Overland Park, KS",128155,"SQL, AWS, Agile, Tableau",On-site
Data Scientist,"Olathe, KS",130332,"AWS, Java, Python, Finance",Remote
Business Analyst,"Kansas City, MO",70012,"Java, Python, Finance, R",On-site
Software Engineer,"Overland Park, KS",110129,"AWS, Tableau",Remote
Business Analyst,"Overland Park, KS",61242,"PowerBI, Python",On-site
Data Scientist,"Kansas City, MO",125628,"Java, Excel, AWS, Finance",On-site
Data Scientist,"Kansas City, KS",85569,"AWS, SQL, Tableau",Remote
Python Developer,"Topeka, KS",87745,"Excel, PowerBI",Remote
Python Developer,"Topeka, KS",65164,"Finance, Python",Hybrid
Business Analyst,"Kansas City, MO",71750,"R, SQL",On-site
Business Analyst,"Kansas City, KS",92530,"SQL, Finance, Tableau",Hybrid
Python Developer,"Topeka, KS",75143,"Tableau, Agile, Python, R",Hybrid
Business Analyst,"Overland Park, KS",81885,"Tableau, PowerBI, Agile",Remote
Financial Analyst,"Topeka, KS",62796,"R, Agile",On-site
Software Engineer,"Kansas City, KS",130138,"PowerBI, R, Tableau, Excel",Hybrid
Data Scientist,"Overland Park, KS",134263,"R, SQL",Remote
Financial Analyst,"Overland Park, KS",93165,"Excel, R, PowerBI",On-site
Data Scientist,"Olathe, KS",113084,"PowerBI, R",On-site
Financial Analyst,"Topeka, KS",82293,"AWS, Python",On-site
Business Analyst,"Olathe, KS",85454,"Tableau, R, Agile, SQL",Hybrid
Software Engineer,"Topeka, KS",132293,"AWS, Excel",Hybrid
Business Analyst,"Kansas City, KS",83105,"PowerBI, AWS",On-site
Business Analyst,"Overland Park, KS",85175,"Python, AWS, Java, SQL",Remote
Financial Analyst,"Olathe, KS",87492,"SQL, PowerBI",Hybrid
Data Scientist,"Olathe, KS",130601,"Finance, AWS",Hybrid
Data Analyst,"Kansas City, MO",74279,"Java, R, Finance, AWS",On-site
Python Developer,"Overland Park, KS",62074,"SQL, R, Tableau",On-site
Financial Analyst,"Kansas City, KS",66991,"Python, Tableau, Agile",On-site
Python Developer,"Topeka, KS",88227,"R, PowerBI, Excel, Java",Remote
Software Engineer,"Olathe, KS",112417,"Java, R, Finance",On-site
Business Analyst,"Topeka, KS",77398,"SQL, Finance",On-site
Software Engineer,"Kansas City, MO",112227,"Finance, SQL",On-site
Software Engineer,"Topeka, KS",97915,"PowerBI, SQL, Excel, AWS",Remote
Software Engineer,"Topeka, KS",100329,"Tableau, Java",Hybrid
Python Developer,"Kansas City, KS",90956,"SQL, Tableau",On-site
Data Analyst,"Kansas City, KS",71168,"Python, AWS, R",Hybrid
Python Developer,"Olathe, KS",83093,"SQL, R, PowerBI, Agile",On-site
Data Analyst,"Kansas City, KS",65069,"Finance, Tableau",Hybrid
Data Scientist,"Kansas City, MO",86450,"Agile, Tableau, SQL, Excel",Remote
Financial Analyst,"Olathe, KS",88252,"Excel, Java, AWS",Remote
Data Scientist,"Olathe, KS",102884,"R, Agile, SQL",Remote
Business Analyst,"Overland Park, KS",76452,"Agile, PowerBI, Excel, Tableau",On-site
Data Scientist,"Kansas City, KS",85329,"Java, R, SQL, Tableau",Remote
Python Developer,"Overland Park, KS",76092,"PowerBI, Python",Hybrid
Data Scientist,"Topeka, KS",94876,"R, SQL",Remote
Python Developer,"Olathe, KS",78003,"R, Java, AWS, Finance",Hybrid
Python Developer,"Olathe, KS",83912,"SQL, Agile, Tableau",Hybrid
Data Scientist,"Olathe, KS",108966,"Java, R",Remote
Data Scientist,"Kansas City, MO",104970,"Java, Finance, Python, SQL",On-site
Software Engineer,"Topeka, KS",125257,"PowerBI, Tableau",On-site
Data Scientist,"Olathe, KS",129384,"Finance, Agile",Remote
Python Developer,"Overland Park, KS",84230,"R, Agile, SQL",Remote
Business Analyst,"Topeka, KS",86858,"Java, Excel, Finance",Hybrid
Python Developer,"Kansas City, MO",87261,"R, PowerBI, AWS, Excel",On-site
Python Developer,"Overland Park, KS",66871,"Java, PowerBI, SQL",Hybrid
Data Analyst,"Topeka, KS",63335,"AWS, SQL",Hybrid
Data Scientist,"Kansas City, MO",111124,"SQL, Finance, PowerBI",On-site
Python Developer,"Topeka, KS",73885,"AWS, R, PowerBI",Remote
Data Scientist,"Kansas City, KS",119237,"SQL, Agile, AWS, R",Hybrid
Data Analyst,"Kansas City, MO",78150,"Finance, AWS, Excel",Remote
Data Analyst,"Kansas City, KS",62873,"Java, R, Excel, Finance",Remote
Software Engineer,"Kansas City, KS",89873,"SQL, Tableau, Java, Python",Remote
Python Developer,"Kansas City, MO",79589,"Tableau, R, SQL, Finance",Hybrid
Business Analyst,"Kansas City, KS",64136,"Finance, PowerBI, Java",Hybrid
Python Developer,"Overland Park, KS",65287,"Agile, Python, Tableau",On-site
